"","index","country","year","gdp","infrate","trade","schooling","invest60","invest70","invest80","industry"
"1",1,"USA",1960,2879,NA,9.69318103790283,43.7999992370605,NA,NA,NA,NA
"2",1,"USA",1961,2929,1.07518196105957,9.44465446472168,NA,NA,NA,NA,NA
"3",1,"USA",1962,3103,1.11607098579407,9.42932415008545,NA,NA,NA,NA,NA
"4",1,"USA",1963,3227,1.21412801742554,9.47070598602295,NA,NA,NA,NA,NA
"5",1,"USA",1964,3420,1.30861496925354,9.72587871551514,NA,NA,NA,NA,NA
"6",1,"USA",1965,3667,1.66846096515656,9.7303466796875,43.7999992370605,NA,NA,NA,NA
"7",1,"USA",1966,3974,2.9909999370575,10.0975923538208,NA,NA,NA,NA,NA
"8",1,"USA",1967,4154,2.7756359577179,10.2081022262573,NA,NA,NA,NA,NA
"9",1,"USA",1968,4494,4.2177209854126,10.593936920166,NA,NA,NA,NA,NA
"10",1,"USA",1969,4805,5.41470098495483,10.6356334686279,NA,NA,NA,NA,NA
"11",1,"USA",1970,4999,5.89529609680176,11.3886413574219,44.4000015258789,NA,NA,NA,NA
"12",1,"USA",1971,5362,4.2559289932251,11.3675756454468,NA,NA,NA,NA,34.5086288452148
"13",1,"USA",1972,5838,3.30561494827271,11.9671583175659,NA,NA,NA,NA,34.4442901611328
"14",1,"USA",1973,6464,6.22006416320801,13.7135648727417,NA,NA,NA,NA,34.3752098083496
"15",1,"USA",1974,6951,11.0352602005005,17.3161354064941,NA,NA,NA,NA,34.036060333252
"16",1,"USA",1975,7519,9.13193035125732,16.3796901702881,42.5999984741211,NA,NA,NA,33.2256698608398
"17",1,"USA",1976,8300,5.73702716827393,16.8736591339111,NA,NA,NA,NA,33.7608489990234
"18",1,"USA",1977,9146,6.48646020889282,17.2205905914307,NA,NA,NA,NA,34.2646408081055
"19",1,"USA",1978,10229,7.64746379852295,17.8061904907227,NA,NA,NA,NA,34.0372314453125
"20",1,"USA",1979,11306,11.2660398483276,19.2805461883545,NA,NA,NA,NA,33.6264801025391
"21",1,"USA",1980,12186,13.5093698501587,21.081579208374,62.9000015258789,0.238839998841286,0.245680004358292,22.3759994506836,33.5143890380859
"22",1,"USA",1981,13533,10.3155298233032,20.3632411956787,NA,NA,NA,NA,34.0882797241211
"23",1,"USA",1982,13940,6.16061592102051,18.4716205596924,NA,NA,NA,NA,32.9096908569336
"24",1,"USA",1983,15008,3.21243500709534,17.6243076324463,NA,NA,NA,NA,31.4972190856934
"25",1,"USA",1984,16549,4.31726884841919,18.5770130157471,NA,NA,NA,NA,31.8727798461914
"26",1,"USA",1985,17600,3.56111598014832,17.6424083709717,57.4000015258789,NA,NA,NA,30.8645191192627
"27",1,"USA",1986,18439,1.85873603820801,17.9541244506836,NA,NA,NA,NA,29.4432601928711
"28",1,"USA",1987,19407,3.74087595939636,19.1161861419678,NA,NA,NA,NA,29.1997299194336
"29",1,"USA",1988,20711,4.00908803939819,20.3308181762695,NA,NA,NA,NA,29.6064891815186
"30",1,"USA",1989,22047,4.82700300216675,20.7302932739258,NA,NA,NA,NA,28.6190395355225
"31",1,"USA",1990,23064,5.39795589447021,21.1879501342773,44.4000015258789,NA,NA,NA,27.85032081604
"32",1,"USA",1991,23507,4.23496389389038,21.2663497924805,NA,NA,NA,NA,26.620059967041
"33",1,"USA",1992,24509,3.0288200378418,21.5422096252441,NA,NA,NA,NA,25.7284297943115
"34",1,"USA",1993,25409,2.95165705680847,21.5576496124268,NA,NA,NA,NA,25.6100101470947
"35",1,"USA",1994,26670,2.60744190216064,22.6182193756104,NA,NA,NA,NA,26.082950592041
"36",1,"USA",1995,27574,2.805419921875,24.2739791870117,44.5999984741211,NA,NA,NA,26.2928504943848
"37",1,"USA",1996,28814,2.93120408058167,24.5824699401855,NA,NA,NA,NA,25.785400390625
"38",1,"USA",1997,30262,2.33769011497498,25.5915393829346,NA,NA,NA,NA,25.3842906951904
"39",1,"USA",1998,31519,1.55227899551392,24.6905689239502,NA,NA,NA,NA,25.0188407897949
"40",1,"USA",1999,33028,2.18802690505981,NA,NA,NA,NA,NA,24.7250499725342
"41",1,"USA",2000,34603,3.37685704231262,NA,39.5999984741211,NA,NA,NA,24.443489074707
"42",1,"USA",2001,35341,2.82617092132568,NA,NA,NA,NA,NA,23.0485801696777
"43",1,"USA",2002,36180,1.58603203296661,NA,NA,NA,NA,NA,NA
"44",1,"USA",2003,37548,2.27009510993958,NA,NA,NA,NA,NA,NA
"45",2,"UK",1960,2158,NA,43.2554702758789,24.5,NA,NA,NA,NA
"46",2,"UK",1961,2216,3.57941794395447,41.5332412719727,NA,NA,NA,NA,NA
"47",2,"UK",1962,2276,4.10367202758789,40.4046325683594,NA,NA,NA,NA,NA
"48",2,"UK",1963,2386,2.07468891143799,40.4065856933594,NA,NA,NA,NA,NA
"49",2,"UK",1964,2534,3.21138191223145,40.5187644958496,NA,NA,NA,NA,NA
"50",2,"UK",1965,2660,4.80504083633423,39.2253379821777,26.5,NA,NA,NA,NA
"51",2,"UK",1966,2794,3.90830492973328,38.9646339416504,NA,NA,NA,NA,NA
"52",2,"UK",1967,2923,2.42314600944519,39.3131866455078,NA,NA,NA,NA,NA
"53",2,"UK",1968,3173,4.73163795471191,43.6651306152344,NA,NA,NA,NA,NA
"54",2,"UK",1969,3391,5.46190214157104,44.0389823913574,NA,NA,NA,NA,NA
"55",2,"UK",1970,3615,6.36189317703247,45.2477378845215,28.8999996185303,NA,NA,NA,NA
"56",2,"UK",1971,3854,9.40787506103516,44.9333992004395,NA,NA,NA,NA,43.0785903930664
"57",2,"UK",1972,4149,7.08791208267212,43.5590438842773,NA,NA,NA,NA,42.5600814819336
"58",2,"UK",1973,4683,9.20985126495361,49.803581237793,NA,NA,NA,NA,42.1353988647461
"59",2,"UK",1974,5036,15.9032201766968,60.9621200561523,NA,NA,NA,NA,41.6237487792969
"60",2,"UK",1975,5481,24.2350807189941,53.5620613098145,31,NA,NA,NA,40.4881782531738
"61",2,"UK",1976,5953,16.5325508117676,58.1697883605957,NA,NA,NA,NA,41.0899200439453
"62",2,"UK",1977,6489,15.8819799423218,59.4204177856445,NA,NA,NA,NA,41.3304100036621
"63",2,"UK",1978,7176,8.21596240997314,55.6567916870117,NA,NA,NA,NA,41.4658088684082
"64",2,"UK",1979,7973,13.4657096862793,55.6903533935547,NA,NA,NA,NA,41.8238716125488
"65",2,"UK",1980,8502,17.9705905914307,52.3268737792969,32.9000015258789,0.200800001621246,0.226019993424416,17.5879993438721,42.3462982177734
"66",2,"UK",1981,9161,11.8798303604126,50.5142097473145,NA,NA,NA,NA,41.894660949707
"67",2,"UK",1982,9917,8.5905294418335,50.7524070739746,NA,NA,NA,NA,41.4916915893555
"68",2,"UK",1983,10669,4.607017993927,52.0913009643555,NA,NA,NA,NA,40.9014511108398
"69",2,"UK",1984,11336,4.95340919494629,57.0043296813965,NA,NA,NA,NA,40.3823585510254
"70",2,"UK",1985,12068,6.06542110443115,56.6223640441895,35.7000007629395,NA,NA,NA,39.7627792358398
"71",2,"UK",1986,12795,3.42761492729187,52.056396484375,NA,NA,NA,NA,39.1343383789062
"72",2,"UK",1987,13717,4.14891815185547,51.936164855957,NA,NA,NA,NA,38.0305213928223
"73",2,"UK",1988,14864,4.9079761505127,49.6491813659668,NA,NA,NA,NA,37.2129898071289
"74",2,"UK",1989,15716,7.79727077484131,51.6456298828125,NA,NA,NA,NA,36.6296691894531
"75",2,"UK",1990,16397,9.47558784484863,51.4674606323242,38.5,NA,NA,NA,35.1742401123047
"76",2,"UK",1991,16681,5.85398101806641,48.2093811035156,NA,NA,NA,NA,33.127010345459
"77",2,"UK",1992,17069,3.73260092735291,49.3497581481934,NA,NA,NA,NA,31.889669418335
"78",2,"UK",1993,17845,1.56447398662567,52.5936317443848,NA,NA,NA,NA,31.2709293365479
"79",2,"UK",1994,18975,2.47644996643066,54.2577590942383,NA,NA,NA,NA,31.6933307647705
"80",2,"UK",1995,19860,3.4109959602356,57.8968391418457,39.9000015258789,NA,NA,NA,31.9964809417725
"81",2,"UK",1996,20923,2.44870591163635,59.8495788574219,NA,NA,NA,NA,31.867259979248
"82",2,"UK",1997,22280,3.13233304023743,57.8405303955078,NA,NA,NA,NA,31.0741291046143
"83",2,"UK",1998,23206,3.41816997528076,55.9890632629395,NA,NA,NA,NA,29.4609203338623
"84",2,"UK",1999,23959,1.55538499355316,NA,NA,NA,NA,NA,28.5987701416016
"85",2,"UK",2000,25583,2.92709994316101,NA,39.0999984741211,NA,NA,NA,28.4766101837158
"86",2,"UK",2001,27026,1.82085204124451,NA,NA,NA,NA,NA,27.4755191802979
"87",2,"UK",2002,28969,1.63445794582367,NA,NA,NA,NA,NA,26.9903793334961
"88",2,"UK",2003,29609,2.91363191604614,NA,NA,NA,NA,NA,26.590160369873
"89",3,"Austria",1960,1796,NA,48.1260948181152,48.7000007629395,NA,NA,NA,NA
"90",3,"Austria",1961,1899,3.54225611686707,46.5259590148926,NA,NA,NA,NA,NA
"91",3,"Austria",1962,1977,4.38178491592407,47.171012878418,NA,NA,NA,NA,NA
"92",3,"Austria",1963,2074,2.70877003669739,47.9772529602051,NA,NA,NA,NA,NA
"93",3,"Austria",1964,2224,3.86857104301453,48.415096282959,NA,NA,NA,NA,NA
"94",3,"Austria",1965,2336,4.93091106414795,49.6133003234863,47.5999984741211,NA,NA,NA,NA
"95",3,"Austria",1966,2537,2.20588207244873,50.3164100646973,NA,NA,NA,NA,NA
"96",3,"Austria",1967,2668,3.97499990463257,49.6838531494141,NA,NA,NA,NA,NA
"97",3,"Austria",1968,2908,2.77310299873352,50.4109153747559,NA,NA,NA,NA,NA
"98",3,"Austria",1969,3239,3.08040189743042,54.2325134277344,NA,NA,NA,NA,NA
"99",3,"Austria",1970,3732,4.37282514572144,59.7119636535645,46.5,NA,NA,NA,NA
"100",3,"Austria",1971,4100,4.70426177978516,59.1853675842285,NA,NA,NA,NA,41.2185096740723
"101",3,"Austria",1972,4513,6.36206293106079,59.0909194946289,NA,NA,NA,NA,41.5256309509277
"102",3,"Austria",1973,4969,7.52408218383789,59.2624282836914,NA,NA,NA,NA,42.2368202209473
"103",3,"Austria",1974,5622,9.52179145812988,64.8117294311523,NA,NA,NA,NA,42.2602691650391
"104",3,"Austria",1975,6147,8.44525527954102,61.5981521606445,45.5999984741211,NA,NA,NA,40.1281394958496
"105",3,"Austria",1976,6810,7.31868886947632,65.1708679199219,NA,NA,NA,NA,39.3978996276855
"106",3,"Austria",1977,7588,5.47499990463257,65.2096862792969,NA,NA,NA,NA,39.0588302612305
"107",3,"Austria",1978,8117,3.57904696464539,64.7406692504883,NA,NA,NA,NA,39.2356491088867
"108",3,"Austria",1979,9288,3.7070939540863,69.6987152099609,NA,NA,NA,NA,38.1772003173828
"109",3,"Austria",1980,10312,6.32538986206055,73.9958572387695,61.7999992370605,0.263379991054535,0.311040014028549,26.6420001983643,38.0964698791504
"110",3,"Austria",1981,11242,6.80686187744141,76.0796737670898,NA,NA,NA,NA,37.8308486938477
"111",3,"Austria",1982,12148,5.44041395187378,71.6845550537109,NA,NA,NA,NA,36.9045906066895
"112",3,"Austria",1983,13048,3.33538103103638,70.5341110229492,NA,NA,NA,NA,36.4104309082031
"113",3,"Austria",1984,13533,5.66486406326294,75.5126953125,NA,NA,NA,NA,35.2359504699707
"114",3,"Austria",1985,14296,3.18969392776489,79.0657348632812,60,NA,NA,NA,35.5824394226074
"115",3,"Austria",1986,14921,1.70092105865479,70.9252853393555,NA,NA,NA,NA,35.2915306091309
"116",3,"Austria",1987,15549,1.39999997615814,69.6339950561523,NA,NA,NA,NA,34.7919616699219
"117",3,"Austria",1988,16595,1.93129503726959,74.9354705810547,NA,NA,NA,NA,34.5833892822266
"118",3,"Austria",1989,17768,2.56389594078064,78.9068450927734,NA,NA,NA,NA,34.1114501953125
"119",3,"Austria",1990,19070,3.26232194900513,79.0296630859375,57.9000015258789,NA,NA,NA,34.1105308532715
"120",3,"Austria",1991,20172,3.33434796333313,78.7690963745117,NA,NA,NA,NA,33.9806098937988
"121",3,"Austria",1992,20960,4.02976322174072,76.0029067993164,NA,NA,NA,NA,33.0332489013672
"122",3,"Austria",1993,21220,3.62580609321594,73.3583297729492,NA,NA,NA,NA,32.1862297058105
"123",3,"Austria",1994,22139,2.95906496047974,75.1496429443359,NA,NA,NA,NA,32.1382789611816
"124",3,"Austria",1995,22976,2.25009989738464,77.7849426269531,55.7000007629395,NA,NA,NA,32.449649810791
"125",3,"Austria",1996,24008,1.84355700016022,80.7439193725586,NA,NA,NA,NA,32.2956199645996
"126",3,"Austria",1997,24472,1.32500004768372,85.257926940918,NA,NA,NA,NA,32.726978302002
"127",3,"Austria",1998,25314,0.904679715633392,NA,NA,NA,NA,NA,32.8425903320312
"128",3,"Austria",1999,26558,0.562393009662628,NA,NA,NA,NA,NA,32.9000282287598
"129",3,"Austria",2000,28359,2.35046195983887,NA,55,NA,NA,NA,32.7748489379883
"130",3,"Austria",2001,28855,2.65996193885803,NA,NA,NA,NA,NA,32.1685981750488
"131",3,"Austria",2002,29942,1.81021201610565,NA,NA,NA,NA,NA,31.9847793579102
"132",3,"Austria",2003,30796,1.36341905593872,NA,NA,NA,NA,NA,31.7371292114258
"133",4,"Belgium",1960,1782,NA,77.3417816162109,27.1000003814697,NA,NA,NA,NA
"134",4,"Belgium",1961,1883,0.983146071434021,80.0162734985352,NA,NA,NA,NA,NA
"135",4,"Belgium",1962,2018,1.40472900867462,82.4377593994141,NA,NA,NA,NA,NA
"136",4,"Belgium",1963,2122,2.15334010124207,85.6653900146484,NA,NA,NA,NA,NA
"137",4,"Belgium",1964,2288,4.17561817169189,86.6204528808594,NA,NA,NA,NA,NA
"138",4,"Belgium",1965,2414,4.05980205535889,85.2619094848633,28.5,NA,NA,NA,NA
"139",4,"Belgium",1966,2559,4.1738920211792,89.3701248168945,NA,NA,NA,NA,NA
"140",4,"Belgium",1967,2719,2.9128520488739,86.2396469116211,NA,NA,NA,NA,NA
"141",4,"Belgium",1968,2958,2.7033269405365,90.6230163574219,NA,NA,NA,NA,NA
"142",4,"Belgium",1969,3308,3.74578189849854,97.9496383666992,NA,NA,NA,NA,NA
"143",4,"Belgium",1970,3797,3.91412806510925,100.428131103516,28.7000007629395,NA,NA,NA,NA
"144",4,"Belgium",1971,4129,4.34056806564331,97.97509765625,NA,NA,NA,NA,42.502269744873
"145",4,"Belgium",1972,4512,5.44750022888184,97.5489196777344,NA,NA,NA,NA,41.944149017334
"146",4,"Belgium",1973,5039,6.95527791976929,107.77507019043,NA,NA,NA,NA,42.5150909423828
"147",4,"Belgium",1974,5707,12.6778898239136,120.517532348633,NA,NA,NA,NA,43.2930107116699
"148",4,"Belgium",1975,6146,12.7681999206543,104.77954864502,30.2999992370605,NA,NA,NA,40.0170097351074
"149",4,"Belgium",1976,6854,9.15869998931885,110.838104248047,NA,NA,NA,NA,40.1339492797852
"150",4,"Belgium",1977,7326,7.11084794998169,109.53759765625,NA,NA,NA,NA,39.4952812194824
"151",4,"Belgium",1978,8056,4.47059488296509,105.685623168945,NA,NA,NA,NA,38.4570198059082
"152",4,"Belgium",1979,8921,4.46908378601074,116.289848327637,NA,NA,NA,NA,38.2092399597168
"153",4,"Belgium",1980,10156,6.65097522735596,117.168762207031,31.6000003814697,0.268640011548996,0.282460004091263,21.8759994506836,36.84375
"154",4,"Belgium",1981,11079,7.62827396392822,126.352630615234,NA,NA,NA,NA,34.4651718139648
"155",4,"Belgium",1982,11827,8.72585105895996,134.42366027832,NA,NA,NA,NA,34.4062004089355
"156",4,"Belgium",1983,12334,7.66337013244629,137.18913269043,NA,NA,NA,NA,34.1405906677246
"157",4,"Belgium",1984,13113,6.3475170135498,146.642852783203,NA,NA,NA,NA,33.4808502197266
"158",4,"Belgium",1985,13735,4.86767578125,140.555130004883,32.5999984741211,NA,NA,NA,34.2135009765625
"159",4,"Belgium",1986,14292,1.29550099372864,126.711036682129,NA,NA,NA,NA,33.2291488647461
"160",4,"Belgium",1987,15013,1.55448305606842,122.646621704102,NA,NA,NA,NA,32.1017990112305
"161",4,"Belgium",1988,16209,1.16205096244812,129.205612182617,NA,NA,NA,NA,32.8808898925781
"162",4,"Belgium",1989,17345,3.10544991493225,138.384674072266,NA,NA,NA,NA,33.2294311523438
"163",4,"Belgium",1990,18526,3.45282292366028,134.006576538086,32.5999984741211,NA,NA,NA,32.6642990112305
"164",4,"Belgium",1991,19453,3.20855188369751,130.826400756836,NA,NA,NA,NA,30.6616191864014
"165",4,"Belgium",1992,20123,2.42991399765015,126.435966491699,NA,NA,NA,NA,30.1109294891357
"166",4,"Belgium",1993,20308,2.75396299362183,120.237991333008,NA,NA,NA,NA,28.9986705780029
"167",4,"Belgium",1994,21340,2.37779903411865,125.537879943848,NA,NA,NA,NA,28.9236392974854
"168",4,"Belgium",1995,22248,1.4668140411377,129.36067199707,30.5,NA,NA,NA,29.5344295501709
"169",4,"Belgium",1996,22687,2.05891895294189,131.874954223633,NA,NA,NA,NA,29.1413097381592
"170",4,"Belgium",1997,23416,1.62745904922485,141.314376831055,NA,NA,NA,NA,29.2578105926514
"171",4,"Belgium",1998,24164,0.953622579574585,149.682403564453,NA,NA,NA,NA,28.6395301818848
"172",4,"Belgium",1999,24792,1.11924195289612,NA,NA,NA,NA,NA,27.9539203643799
"173",4,"Belgium",2000,26631,2.54624605178833,NA,28,NA,NA,NA,28.0895195007324
"174",4,"Belgium",2001,28001,2.47127294540405,NA,NA,NA,NA,NA,27.2573795318604
"175",4,"Belgium",2002,29330,1.64345395565033,NA,NA,NA,NA,NA,27.0109195709229
"176",4,"Belgium",2003,30082,1.5913120508194,NA,NA,NA,NA,NA,26.4847793579102
"177",5,"Denmark",1960,2329,NA,65.7821960449219,46.0999984741211,NA,NA,NA,NA
"178",5,"Denmark",1961,2485,3.45162892341614,61.5406723022461,NA,NA,NA,NA,NA
"179",5,"Denmark",1962,2665,7.37782001495361,60.3373794555664,NA,NA,NA,NA,NA
"180",5,"Denmark",1963,2700,6.1050329208374,60.4160423278809,NA,NA,NA,NA,NA
"181",5,"Denmark",1964,2980,3.09278297424316,61.6781005859375,NA,NA,NA,NA,NA
"182",5,"Denmark",1965,3177,5.44999980926514,61.3887405395508,45.5,NA,NA,NA,NA
"183",5,"Denmark",1966,3377,7.06496000289917,59.8727416992188,NA,NA,NA,NA,NA
"184",5,"Denmark",1967,3580,8.20785331726074,57.8547286987305,NA,NA,NA,NA,NA
"185",5,"Denmark",1968,3892,7.95361518859863,57.8798942565918,NA,NA,NA,NA,NA
"186",5,"Denmark",1969,4352,3.4879310131073,58.4683265686035,NA,NA,NA,NA,NA
"187",5,"Denmark",1970,4541,6.51483678817749,60.3218078613281,44.5,NA,NA,NA,NA
"188",5,"Denmark",1971,4858,5.86987686157227,58.4947471618652,NA,NA,NA,NA,31.7803401947021
"189",5,"Denmark",1972,5262,6.56234788894653,54.9426231384277,NA,NA,NA,NA,31.5314693450928
"190",5,"Denmark",1973,5719,9.30338859558105,60.4651031494141,NA,NA,NA,NA,30.2847309112549
"191",5,"Denmark",1974,6121,15.2751998901367,68.1389846801758,NA,NA,NA,NA,29.5870399475098
"192",5,"Denmark",1975,6565,9.60561370849609,62.6506462097168,44.9000015258789,NA,NA,NA,29.250560760498
"193",5,"Denmark",1976,7371,9,63.9492950439453,NA,NA,NA,NA,28.249870300293
"194",5,"Denmark",1977,7901,11.1391401290894,62.8429527282715,NA,NA,NA,NA,28.022029876709
"195",5,"Denmark",1978,8585,10.008939743042,59.2088584899902,NA,NA,NA,NA,27.5630702972412
"196",5,"Denmark",1979,9566,9.61105537414551,62.8859481811523,NA,NA,NA,NA,26.8806400299072
"197",5,"Denmark",1980,10362,12.3053197860718,68.16064453125,43.4000015258789,0.293440014123917,0.332839995622635,22.2179985046387,28.2331409454346
"198",5,"Denmark",1981,11106,11.7915897369385,74.187370300293,NA,NA,NA,NA,26.5771007537842
"199",5,"Denmark",1982,12115,10.089940071106,74.1342926025391,NA,NA,NA,NA,26.7572498321533
"200",5,"Denmark",1983,12822,6.90730905532837,72.4887313842773,NA,NA,NA,NA,26.9897594451904
"201",5,"Denmark",1984,13777,6.32207918167114,73.9785842895508,NA,NA,NA,NA,27.2905807495117
"202",5,"Denmark",1985,14698,4.65237903594971,74.850471496582,42.5,NA,NA,NA,27.6206302642822
"203",5,"Denmark",1986,15608,3.72127890586853,66.1689071655273,NA,NA,NA,NA,28.2460803985596
"204",5,"Denmark",1987,16024,3.9850709438324,62.5814819335938,NA,NA,NA,NA,27.9180202484131
"205",5,"Denmark",1988,16766,4.55019092559814,63.532341003418,NA,NA,NA,NA,27.0860900878906
"206",5,"Denmark",1989,17418,4.78405284881592,67.0666885375977,NA,NA,NA,NA,27.020679473877
"207",5,"Denmark",1990,18237,2.65271592140198,66.5846786499023,49.9000015258789,NA,NA,NA,26.5442905426025
"208",5,"Denmark",1991,19070,2.36795997619629,68.532112121582,NA,NA,NA,NA,26.1695594787598
"209",5,"Denmark",1992,19829,2.10198092460632,66.4308929443359,NA,NA,NA,NA,26.3453407287598
"210",5,"Denmark",1993,20199,1.25098502635956,63.9760894775391,NA,NA,NA,NA,25.1901206970215
"211",5,"Denmark",1994,21691,1.99435698986053,65.6126708984375,NA,NA,NA,NA,25.3115406036377
"212",5,"Denmark",1995,22693,2.09843611717224,66.7178573608398,47,NA,NA,NA,25.7575092315674
"213",5,"Denmark",1996,23781,2.1113600730896,66.0738067626953,NA,NA,NA,NA,25.9511299133301
"214",5,"Denmark",1997,24878,2.19579100608826,68.5870666503906,NA,NA,NA,NA,26.0451507568359
"215",5,"Denmark",1998,25669,1.85317802429199,NA,NA,NA,NA,NA,26.0006408691406
"216",5,"Denmark",1999,27113,2.47868490219116,NA,NA,NA,NA,NA,26.2222995758057
"217",5,"Denmark",2000,28798,2.92477893829346,NA,46.5,NA,NA,NA,27.1849098205566
"218",5,"Denmark",2001,29837,2.34999990463257,NA,NA,NA,NA,NA,26.2820301055908
"219",5,"Denmark",2002,30318,2.42631506919861,NA,NA,NA,NA,NA,26.4006690979004
"220",5,"Denmark",2003,30853,2.09062004089355,NA,NA,NA,NA,NA,26.4053897857666
"221",6,"France",1960,1858,NA,26.9196224212646,25.7000007629395,NA,NA,NA,NA
"222",6,"France",1961,1959,2.41456198692322,26.2115497589111,NA,NA,NA,NA,NA
"223",6,"France",1962,2099,5.24725008010864,24.8985595703125,NA,NA,NA,NA,NA
"224",6,"France",1963,2205,4.93969011306763,25.0059089660645,NA,NA,NA,NA,NA
"225",6,"France",1964,2367,3.22933793067932,25.6229610443115,NA,NA,NA,NA,NA
"226",6,"France",1965,2526,2.71474003791809,25.7495040893555,25.7999992370605,NA,NA,NA,NA
"227",6,"France",1966,2728,2.570720911026,26.4759407043457,NA,NA,NA,NA,NA
"228",6,"France",1967,2915,2.81831908226013,26.1884574890137,NA,NA,NA,NA,NA
"229",6,"France",1968,3163,4.55212879180908,26.5713195800781,NA,NA,NA,NA,NA
"230",6,"France",1969,3531,6.03932619094849,28.7395801544189,NA,NA,NA,NA,NA
"231",6,"France",1970,3857,5.84547519683838,31.0858306884766,26,NA,NA,NA,NA
"232",6,"France",1971,4203,5.39751386642456,31.7609615325928,NA,NA,NA,NA,38.6492691040039
"233",6,"France",1972,4535,6.06300401687622,32.391918182373,NA,NA,NA,NA,38.6978988647461
"234",6,"France",1973,5008,7.38059711456299,34.2793388366699,NA,NA,NA,NA,37.9406700134277
"235",6,"France",1974,5594,13.6493196487427,42.3909645080566,NA,NA,NA,NA,37.5677680969238
"236",6,"France",1975,6077,11.6859302520752,36.9275054931641,26.7999992370605,NA,NA,NA,37.6620903015137
"237",6,"France",1976,6673,9.62549304962158,39.8923721313477,NA,NA,NA,NA,37.4907684326172
"238",6,"France",1977,7292,9.49455642700195,40.8498649597168,NA,NA,NA,NA,36.8810195922852
"239",6,"France",1978,8031,9.25055885314941,39.4885292053223,NA,NA,NA,NA,36.2300605773926
"240",6,"France",1979,8948,10.6467399597168,41.8790512084961,NA,NA,NA,NA,35.8407287597656
"241",6,"France",1980,9891,13.5391101837158,44.2693176269531,34.5,0.278059989213943,0.328700006008148,27.2360000610352,36.0303001403809
"242",6,"France",1981,10929,13.3333301544189,46.1019401550293,NA,NA,NA,NA,35.1729888916016
"243",6,"France",1982,11869,11.9784803390503,45.5013046264648,NA,NA,NA,NA,34.0986404418945
"244",6,"France",1983,12518,9.459547996521,45.1278381347656,NA,NA,NA,NA,33.5145797729492
"245",6,"France",1984,13145,7.67380285263062,47.646427154541,NA,NA,NA,NA,33.1211585998535
"246",6,"France",1985,13746,5.83109903335571,47.1591758728027,36.2999992370605,NA,NA,NA,32.7871284484863
"247",6,"France",1986,14308,2.53852701187134,41.3446731567383,NA,NA,NA,NA,31.8039493560791
"248",6,"France",1987,14940,3.28889799118042,41.1443710327148,NA,NA,NA,NA,30.9401798248291
"249",6,"France",1988,16040,2.7008171081543,42.5264549255371,NA,NA,NA,NA,30.7439498901367
"250",6,"France",1989,17193,3.49830198287964,45.6864433288574,NA,NA,NA,NA,30.221960067749
"251",6,"France",1990,18244,3.38005709648132,45.1305694580078,36.9000015258789,NA,NA,NA,29.6999797821045
"252",6,"France",1991,19021,3.2169349193573,45.0474700927734,NA,NA,NA,NA,29.5201606750488
"253",6,"France",1992,19746,2.36576509475708,44.0261192321777,NA,NA,NA,NA,29.1571292877197
"254",6,"France",1993,19920,2.10600996017456,41.8412094116211,NA,NA,NA,NA,27.4512500762939
"255",6,"France",1994,20695,1.66087305545807,43.4013786315918,NA,NA,NA,NA,27.1809501647949
"256",6,"France",1995,21545,1.77811598777771,44.6914100646973,37.2999992370605,NA,NA,NA,27.275899887085
"257",6,"France",1996,22288,2.00836205482483,45.6044616699219,NA,NA,NA,NA,26.6066093444824
"258",6,"France",1997,23370,1.20032203197479,49.3604011535645,NA,NA,NA,NA,26.0412292480469
"259",6,"France",1998,24412,0.672597110271454,NA,NA,NA,NA,NA,25.9456405639648
"260",6,"France",1999,25111,0.5,NA,NA,NA,NA,NA,25.492639541626
"261",6,"France",2000,26690,1.6915420293808,NA,37.2999992370605,NA,NA,NA,25.4811897277832
"262",6,"France",2001,28043,1.66340494155884,NA,NA,NA,NA,NA,25.5016994476318
"263",6,"France",2002,28829,1.9249279499054,NA,NA,NA,NA,NA,25.3081207275391
"264",6,"France",2003,29210,2.10103893280029,NA,NA,NA,NA,NA,24.4735698699951
"265",7,"West Germany",1960,2284,NA,35.4596824645996,61,NA,NA,NA,44.9872436523438
"266",7,"West Germany",1961,2388,2.51572322845459,33.836784362793,NA,NA,NA,NA,NA
"267",7,"West Germany",1962,2527,2.76073622703552,33.4663772583008,NA,NA,NA,NA,NA
"268",7,"West Germany",1963,2610,2.98507452011108,34.1606292724609,NA,NA,NA,NA,NA
"269",7,"West Germany",1964,2806,2.31884050369263,34.5661392211914,NA,NA,NA,NA,NA
"270",7,"West Germany",1965,3005,3.39943337440491,35.8167991638184,58.9000015258789,NA,NA,NA,NA
"271",7,"West Germany",1966,3168,3.56164383888245,36.6282272338867,NA,NA,NA,NA,NA
"272",7,"West Germany",1967,3241,1.58730161190033,37.2266616821289,NA,NA,NA,NA,NA
"273",7,"West Germany",1968,3571,1.04166662693024,39.090160369873,NA,NA,NA,NA,NA
"274",7,"West Germany",1969,3998,2.06185555458069,40.5712356567383,NA,NA,NA,NA,NA
"275",7,"West Germany",1970,4367,3.28282833099365,40.3183784484863,57,NA,NA,NA,38.2170143127441
"276",7,"West Germany",1971,4686,5.13447427749634,39.7399139404297,NA,NA,NA,NA,48.0012588500977
"277",7,"West Germany",1972,5055,5.34883737564087,39.2300033569336,NA,NA,NA,NA,46.946891784668
"278",7,"West Germany",1973,5553,6.84326696395874,40.759880065918,NA,NA,NA,NA,46.5343589782715
"279",7,"West Germany",1974,6074,6.81818199157715,48.3936882019043,NA,NA,NA,NA,45.708869934082
"280",7,"West Germany",1975,6603,5.9961314201355,46.4578285217285,46.7999992370605,NA,NA,NA,43.3700904846191
"281",7,"West Germany",1976,7367,4.37956190109253,49.1030807495117,NA,NA,NA,NA,43.6136093139648
"282",7,"West Germany",1977,8090,3.49650359153748,48.5647850036621,NA,NA,NA,NA,43.1660194396973
"283",7,"West Germany",1978,8928,2.53378367424011,47.0717926025391,NA,NA,NA,NA,42.9650802612305
"284",7,"West Germany",1979,10067,3.78912687301636,49.4857521057129,NA,NA,NA,NA,43.0809898376465
"285",7,"West Germany",1980,11083,5.2380952835083,53.3361854553223,52.5,0.337379992008209,0.325639992952347,27.0179977416992,36.0420303344727
"286",7,"West Germany",1981,12115,6.33484172821045,56.6734199523926,NA,NA,NA,NA,35.4234886169434
"287",7,"West Germany",1982,12761,5.39007091522217,57.3418388366699,NA,NA,NA,NA,34.7784729003906
"288",7,"West Germany",1983,13519,3.23014807701111,55.4826393127441,NA,NA,NA,NA,35.0851440429688
"289",7,"West Germany",1984,14481,2.34680581092834,58.7918128967285,NA,NA,NA,NA,34.5158500671387
"290",7,"West Germany",1985,15291,2.03821659088135,61.5194320678711,58.5,NA,NA,NA,34.8513870239258
"291",7,"West Germany",1986,15998,-0.249687895178795,55.1174125671387,NA,NA,NA,NA,34.3667945861816
"292",7,"West Germany",1987,16679,0.125156447291374,52.9148750305176,NA,NA,NA,NA,34.0901870727539
"293",7,"West Germany",1988,17786,1.125,53.910343170166,NA,NA,NA,NA,33.7723350524902
"294",7,"West Germany",1989,18994,2.84301614761353,57.664852142334,NA,NA,NA,NA,33.9627304077148
"295",7,"West Germany",1990,20465,2.76442313194275,58.361499786377,56.2000007629395,NA,NA,NA,NA
"296",7,"West Germany",1991,21602,3.74269008636475,NA,NA,NA,NA,NA,NA
"297",7,"West Germany",1992,22154,4.05862474441528,NA,NA,NA,NA,NA,NA
"298",7,"West Germany",1993,21878,3.68364024162292,NA,NA,NA,NA,NA,NA
"299",7,"West Germany",1994,22371,2.82131671905518,NA,NA,NA,NA,NA,NA
"300",7,"West Germany",1995,23035,1.62601625919342,NA,NA,NA,NA,NA,NA
"301",7,"West Germany",1996,23742,1.29999995231628,NA,NA,NA,NA,NA,NA
"302",7,"West Germany",1997,24156,1.77690029144287,NA,NA,NA,NA,NA,NA
"303",7,"West Germany",1998,24931,0.872938871383667,NA,NA,NA,NA,NA,NA
"304",7,"West Germany",1999,25755,0.673076927661896,NA,NA,NA,NA,NA,NA
"305",7,"West Germany",2000,26943,NA,NA,NA,NA,NA,NA,NA
"306",7,"West Germany",2001,27449,NA,NA,NA,NA,NA,NA,NA
"307",7,"West Germany",2002,28348,NA,NA,NA,NA,NA,NA,NA
"308",7,"West Germany",2003,28855,NA,NA,NA,NA,NA,NA,NA
"309",8,"Italy",1960,1620,NA,26.573429107666,13.8999996185303,NA,NA,NA,NA
"310",8,"Italy",1961,1763,2.70270299911499,26.8832817077637,NA,NA,NA,NA,NA
"311",8,"Italy",1962,1900,3.94736790657043,27.1172370910645,NA,NA,NA,NA,NA
"312",8,"Italy",1963,2021,7.59493684768677,27.7854709625244,NA,NA,NA,NA,NA
"313",8,"Italy",1964,2093,5.88235282897949,26.755199432373,NA,NA,NA,NA,NA
"314",8,"Italy",1965,2205,4.44444513320923,27.677755355835,14.1000003814697,NA,NA,NA,NA
"315",8,"Italy",1966,2400,3.19148898124695,29.0300559997559,NA,NA,NA,NA,NA
"316",8,"Italy",1967,2624,3.09278297424316,29.300256729126,NA,NA,NA,NA,NA
"317",8,"Italy",1968,2910,2,29.876672744751,NA,NA,NA,NA,NA
"318",8,"Italy",1969,3227,1.96078395843506,31.8447685241699,NA,NA,NA,NA,NA
"319",8,"Italy",1970,3602,4.80769300460815,32.8541870117188,17.5,NA,NA,NA,NA
"320",8,"Italy",1971,3834,5.50458717346191,33.2246589660645,NA,NA,NA,NA,40.3853797912598
"321",8,"Italy",1972,4101,5.21739101409912,34.7335395812988,NA,NA,NA,NA,39.5148696899414
"322",8,"Italy",1973,4594,10.743800163269,36.7418556213379,NA,NA,NA,NA,40.6850395202637
"323",8,"Italy",1974,5240,19.4029808044434,44.558479309082,NA,NA,NA,NA,42.3225898742676
"324",8,"Italy",1975,5601,16.875,41.3247718811035,18.6000003814697,NA,NA,NA,41.3136901855469
"325",8,"Italy",1976,6288,16.5775394439697,45.4257011413574,NA,NA,NA,NA,42.2116203308105
"326",8,"Italy",1977,6821,17.4311904907227,45.8513336181641,NA,NA,NA,NA,41.677619934082
"327",8,"Italy",1978,7542,12.1093797683716,45.1147422790527,NA,NA,NA,NA,41.0450706481934
"328",8,"Italy",1979,8594,14.6341495513916,47.7063064575195,NA,NA,NA,NA,40.675708770752
"329",8,"Italy",1980,9643,21.2765998840332,46.6543960571289,29.2000007629395,0.372779995203018,0.324519991874695,26.7280006408691,40.3795585632324
"330",8,"Italy",1981,10593,17.794490814209,48.8362464904785,NA,NA,NA,NA,39.0386505126953
"331",8,"Italy",1982,11275,16.3829803466797,47.1121978759766,NA,NA,NA,NA,38.1329803466797
"332",8,"Italy",1983,11812,14.6252298355103,43.4841156005859,NA,NA,NA,NA,36.9585304260254
"333",8,"Italy",1984,12543,10.845290184021,45.8058891296387,NA,NA,NA,NA,36.5284194946289
"334",8,"Italy",1985,13285,9.20863342285156,46.1084747314453,30.2999992370605,NA,NA,NA,36.0999412536621
"335",8,"Italy",1986,13896,5.79710102081299,38.9410285949707,NA,NA,NA,NA,34.8969993591309
"336",8,"Italy",1987,14688,4.73225402832031,38.3682518005371,NA,NA,NA,NA,34.5780982971191
"337",8,"Italy",1988,15784,5.11296081542969,37.9626846313477,NA,NA,NA,NA,34.4410705566406
"338",8,"Italy",1989,16875,6.22171878814697,40.1673393249512,NA,NA,NA,NA,34.5543403625488
"339",8,"Italy",1990,17946,6.49627304077148,40.0452003479004,31.5,NA,NA,NA,33.8979988098145
"340",8,"Italy",1991,18845,6.30000019073486,37.9885864257812,NA,NA,NA,NA,32.9108009338379
"341",8,"Italy",1992,19367,5.0799617767334,39.3454055786133,NA,NA,NA,NA,32.3886909484863
"342",8,"Italy",1993,19778,4.47627592086792,42.4313163757324,NA,NA,NA,NA,31.3542499542236
"343",8,"Italy",1994,20577,4.02742099761963,45.0742874145508,NA,NA,NA,NA,31.3013591766357
"344",8,"Italy",1995,21532,5.24437093734741,51.2473983764648,32.4000015258789,NA,NA,NA,31.5012893676758
"345",8,"Italy",1996,22235,3.97452402114868,48.172119140625,NA,NA,NA,NA,30.5021305084229
"346",8,"Italy",1997,22810,2.04310607910156,50.3156318664551,NA,NA,NA,NA,30.06422996521
"347",8,"Italy",1998,23840,1.96293997764587,NA,NA,NA,NA,NA,29.9100303649902
"348",8,"Italy",1999,24402,1.65562903881073,NA,NA,NA,NA,NA,29.3114109039307
"349",8,"Italy",2000,25759,2.53768706321716,NA,32,NA,NA,NA,29.0427398681641
"350",8,"Italy",2001,26586,2.78516602516174,NA,NA,NA,NA,NA,28.7429294586182
"351",8,"Italy",2002,27320,2.46532011032104,NA,NA,NA,NA,NA,28.2801399230957
"352",8,"Italy",2003,27537,2.67255902290344,NA,NA,NA,NA,NA,27.8048191070557
"353",9,"Netherlands",1960,2113,NA,90.887092590332,11.1000003814697,NA,NA,NA,NA
"354",9,"Netherlands",1961,2111,1.73209297657013,88.2129135131836,NA,NA,NA,NA,NA
"355",9,"Netherlands",1962,2275,2.28603792190552,86.7037734985352,NA,NA,NA,NA,NA
"356",9,"Netherlands",1963,2360,3.34318399429321,87.9121704101562,NA,NA,NA,NA,NA
"357",9,"Netherlands",1964,2566,5.79088401794434,86.5398178100586,NA,NA,NA,NA,NA
"358",9,"Netherlands",1965,2739,5.79489803314209,83.9297714233398,13.6000003814697,NA,NA,NA,NA
"359",9,"Netherlands",1966,2874,5.79687023162842,82.3814239501953,NA,NA,NA,NA,NA
"360",9,"Netherlands",1967,3078,3.48679304122925,79.591178894043,NA,NA,NA,NA,NA
"361",9,"Netherlands",1968,3399,3.67561292648315,79.6544647216797,NA,NA,NA,NA,NA
"362",9,"Netherlands",1969,3951,7.42824983596802,82.7846527099609,NA,NA,NA,NA,NA
"363",9,"Netherlands",1970,4342,3.67993688583374,88.7379302978516,45.7999992370605,NA,NA,NA,NA
"364",9,"Netherlands",1971,4705,7.47758007049561,88.5360260009766,NA,NA,NA,NA,37.2011299133301
"365",9,"Netherlands",1972,4984,7.79174995422363,84.7172012329102,NA,NA,NA,NA,36.9602012634277
"366",9,"Netherlands",1973,5475,8.01351928710938,88.922119140625,NA,NA,NA,NA,36.77001953125
"367",9,"Netherlands",1974,6165,9.60936737060547,102.140228271484,NA,NA,NA,NA,36.934268951416
"368",9,"Netherlands",1975,6699,10.2127304077148,93.6381759643555,44.2999992370605,NA,NA,NA,35.5705299377441
"369",9,"Netherlands",1976,7345,9.05748653411865,95.7662048339844,NA,NA,NA,NA,35.7635116577148
"370",9,"Netherlands",1977,7959,6.47410297393799,91.1966171264648,NA,NA,NA,NA,35.207820892334
"371",9,"Netherlands",1978,8676,4.08001708984375,87.713752746582,NA,NA,NA,NA,34.1318893432617
"372",9,"Netherlands",1979,9504,4.21045398712158,96.2868041992188,NA,NA,NA,NA,34.0844688415527
"373",9,"Netherlands",1980,10458,6.73332023620605,102.657455444336,44.0999984741211,0.293680012226105,0.307779997587204,21.8400001525879,34.5179786682129
"374",9,"Netherlands",1981,11304,6.74846601486206,109.611946105957,NA,NA,NA,NA,34.7464714050293
"375",9,"Netherlands",1982,11784,5.86206912994385,107.339302062988,NA,NA,NA,NA,34.0689315795898
"376",9,"Netherlands",1983,12419,2.82301902770996,106.949783325195,NA,NA,NA,NA,33.9065704345703
"377",9,"Netherlands",1984,13234,3.27349495887756,114.404731750488,NA,NA,NA,NA,34.5517807006836
"378",9,"Netherlands",1985,13938,2.22392606735229,116.799827575684,44.7000007629395,NA,NA,NA,34.8681602478027
"379",9,"Netherlands",1986,14613,0.100024998188019,97.6088256835938,NA,NA,NA,NA,32.4193305969238
"380",9,"Netherlands",1987,15197,-0.707802474498749,96.819709777832,NA,NA,NA,NA,30.7618408203125
"381",9,"Netherlands",1988,16082,0.746393799781799,101.08154296875,NA,NA,NA,NA,30.9686603546143
"382",9,"Netherlands",1989,17387,1.08216094970703,106.491394042969,NA,NA,NA,NA,30.665979385376
"383",9,"Netherlands",1990,18665,3.28546905517578,103.682121276855,45.4000015258789,NA,NA,NA,30.7194900512695
"384",9,"Netherlands",1991,19626,3.13333296775818,103.300956726074,NA,NA,NA,NA,30.4198799133301
"385",9,"Netherlands",1992,20224,3.18358111381531,99.6378707885742,NA,NA,NA,NA,29.3456707000732
"386",9,"Netherlands",1993,20679,2.58418202400208,94.706428527832,NA,NA,NA,NA,28.6541309356689
"387",9,"Netherlands",1994,21588,2.80152702331543,95.985481262207,NA,NA,NA,NA,28.5445804595947
"388",9,"Netherlands",1995,22585,2.09528207778931,99.4950332641602,46.2999992370605,NA,NA,NA,28.7462291717529
"389",9,"Netherlands",1996,23531,2.01666688919067,101.011428833008,NA,NA,NA,NA,28.4331798553467
"390",9,"Netherlands",1997,24692,2.1565101146698,104.899932861328,NA,NA,NA,NA,27.830150604248
"391",9,"Netherlands",1998,25811,1.98304796218872,NA,NA,NA,NA,NA,27.1060009002686
"392",9,"Netherlands",1999,26654,2.2110710144043,NA,NA,NA,NA,NA,26.3130397796631
"393",9,"Netherlands",2000,28467,2.52378010749817,NA,45.4000015258789,NA,NA,NA,26.7989807128906
"394",9,"Netherlands",2001,30359,4.53423118591309,NA,NA,NA,NA,NA,26.6281604766846
"395",9,"Netherlands",2002,31284,3.46706795692444,NA,NA,NA,NA,NA,25.8276805877686
"396",9,"Netherlands",2003,31792,2.1146399974823,NA,NA,NA,NA,NA,NA
"397",10,"Norway",1960,1713,NA,73.6809616088867,21.2999992370605,NA,NA,NA,NA
"398",10,"Norway",1961,1823,2.4511079788208,72.1399765014648,NA,NA,NA,NA,NA
"399",10,"Norway",1962,1905,5.26851606369019,69.3447875976562,NA,NA,NA,NA,NA
"400",10,"Norway",1963,1991,2.58704090118408,70.4397964477539,NA,NA,NA,NA,NA
"401",10,"Norway",1964,2112,5.67994403839111,71.7810821533203,NA,NA,NA,NA,NA
"402",10,"Norway",1965,2268,4.25959014892578,71.817253112793,22.3999996185303,NA,NA,NA,NA
"403",10,"Norway",1966,2417,3.2513370513916,72.5337982177734,NA,NA,NA,NA,NA
"404",10,"Norway",1967,2620,4.43339490890503,74.7730560302734,NA,NA,NA,NA,NA
"405",10,"Norway",1968,2784,3.47153401374817,73.593620300293,NA,NA,NA,NA,NA
"406",10,"Norway",1969,3035,3.06748509407043,72.0303573608398,NA,NA,NA,NA,NA
"407",10,"Norway",1970,3213,10.5654802322388,74.1399307250977,31.1000003814697,NA,NA,NA,NA
"408",10,"Norway",1971,3523,6.25841188430786,73.0029067993164,NA,NA,NA,NA,31.9446792602539
"409",10,"Norway",1972,3814,7.21975898742676,70.4283828735352,NA,NA,NA,NA,32.2304306030273
"410",10,"Norway",1973,4138,7.44240999221802,76.5048446655273,NA,NA,NA,NA,32.2722091674805
"411",10,"Norway",1974,4728,9.41451358795166,83.2790298461914,NA,NA,NA,NA,33.0865287780762
"412",10,"Norway",1975,5458,11.707070350647,78.767204284668,34.7999992370605,NA,NA,NA,34.6241188049316
"413",10,"Norway",1976,6116,9.17575645446777,79.9323348999023,NA,NA,NA,NA,34.2097015380859
"414",10,"Norway",1977,6742,9.04315567016602,78.6998291015625,NA,NA,NA,NA,34.0764007568359
"415",10,"Norway",1978,7412,8.1515064239502,72.2550048828125,NA,NA,NA,NA,35.433521270752
"416",10,"Norway",1979,8354,4.75982522964478,77.2737426757812,NA,NA,NA,NA,38.2797393798828
"417",10,"Norway",1980,9557,10.8962097167969,80.3301620483398,39.2999992370605,0.336959987878799,0.374179989099503,31.5939998626709,40.388729095459
"418",10,"Norway",1981,10548,13.6370496749878,79.6488952636719,NA,NA,NA,NA,40.6809196472168
"419",10,"Norway",1982,11205,11.3720598220825,78.1888732910156,NA,NA,NA,NA,40.8482093811035
"420",10,"Norway",1983,12022,8.41104793548584,76.3154602050781,NA,NA,NA,NA,42.0479698181152
"421",10,"Norway",1984,13220,6.27910804748535,77.4801712036133,NA,NA,NA,NA,43.4685401916504
"422",10,"Norway",1985,14354,5.6658239364624,78.7447052001953,41,NA,NA,NA,42.8528518676758
"423",10,"Norway",1986,15184,7.18676805496216,72.8535690307617,NA,NA,NA,NA,36.2704696655273
"424",10,"Norway",1987,15823,8.72593212127686,67.6951141357422,NA,NA,NA,NA,35.8069190979004
"425",10,"Norway",1988,16299,6.69848394393921,67.4008865356445,NA,NA,NA,NA,34.0041999816895
"426",10,"Norway",1989,17043,4.55544185638428,73.2936325073242,NA,NA,NA,NA,35.5253982543945
"427",10,"Norway",1990,18004,4.11303281784058,74.7346420288086,69.5999984741211,NA,NA,NA,35.6604385375977
"428",10,"Norway",1991,19212,3.42068290710449,72.6228485107422,NA,NA,NA,NA,34.5520210266113
"429",10,"Norway",1992,20185,2.34211611747742,69.547248840332,NA,NA,NA,NA,34.1705513000488
"430",10,"Norway",1993,21088,2.271488904953,70.1258010864258,NA,NA,NA,NA,33.7640419006348
"431",10,"Norway",1994,22534,1.3985550403595,70.5862274169922,NA,NA,NA,NA,34.2585792541504
"432",10,"Norway",1995,23874,2.4564049243927,70.1032028198242,66.6999969482422,NA,NA,NA,35.3527793884277
"433",10,"Norway",1996,26263,1.25869405269623,72.6195831298828,NA,NA,NA,NA,37.720100402832
"434",10,"Norway",1997,27776,2.5807409286499,75.4621734619141,NA,NA,NA,NA,38.2629013061523
"435",10,"Norway",1998,27294,2.25568604469299,74.2820892333984,NA,NA,NA,NA,33.8202896118164
"436",10,"Norway",1999,30011,2.33313894271851,NA,NA,NA,NA,NA,35.7114601135254
"437",10,"Norway",2000,36273,3.08606791496277,NA,62.5,NA,NA,NA,42.9529495239258
"438",10,"Norway",2001,37078,3.01737809181213,NA,NA,NA,NA,NA,40.8741989135742
"439",10,"Norway",2002,36617,1.28814601898193,NA,NA,NA,NA,NA,37.9083709716797
"440",10,"Norway",2003,37245,2.47539710998535,NA,NA,NA,NA,NA,37.5162391662598
"441",12,"Switzerland",1960,3387,NA,53.2535018920898,21.7999992370605,NA,NA,NA,NA
"442",12,"Switzerland",1961,3625,1.84537100791931,54.5931816101074,NA,NA,NA,NA,NA
"443",12,"Switzerland",1962,3788,4.31561613082886,54.494743347168,NA,NA,NA,NA,NA
"444",12,"Switzerland",1963,3946,3.4397189617157,53.6922302246094,NA,NA,NA,NA,NA
"445",12,"Switzerland",1964,4158,3.08131408691406,53.6607131958008,NA,NA,NA,NA,NA
"446",12,"Switzerland",1965,4360,3.41451692581177,55.1585884094238,22.2999992370605,NA,NA,NA,NA
"447",12,"Switzerland",1966,4575,4.77613115310669,55.5187339782715,NA,NA,NA,NA,NA
"448",12,"Switzerland",1967,4790,4.02147817611694,54.6138954162598,NA,NA,NA,NA,NA
"449",12,"Switzerland",1968,5138,2.41235089302063,56.8370971679688,NA,NA,NA,NA,NA
"450",12,"Switzerland",1969,5645,2.48900699615479,60.6941604614258,NA,NA,NA,NA,NA
"451",12,"Switzerland",1970,6382,3.61602711677551,63.5890426635742,38,NA,NA,NA,36.2663612365723
"452",12,"Switzerland",1971,6938,6.5730128288269,60.3338890075684,NA,NA,NA,NA,35.9869613647461
"453",12,"Switzerland",1972,7406,6.66019201278687,58.8192863464355,NA,NA,NA,NA,35.7075614929199
"454",12,"Switzerland",1973,7998,8.75504112243652,59.547981262207,NA,NA,NA,NA,35.4281616210938
"455",12,"Switzerland",1974,8800,9.76674747467041,63.3784217834473,NA,NA,NA,NA,35.1487655639648
"456",12,"Switzerland",1975,8934,6.69645309448242,56.7231254577637,36.4000015258789,NA,NA,NA,34.7762336730957
"457",12,"Switzerland",1976,9368,1.71586203575134,60.4321136474609,NA,NA,NA,NA,34.4968338012695
"458",12,"Switzerland",1977,10240,1.28526997566223,66.9028091430664,NA,NA,NA,NA,34.2174377441406
"459",12,"Switzerland",1978,11003,1.05581402778625,64.0697402954102,NA,NA,NA,NA,33.9380378723145
"460",12,"Switzerland",1979,12189,3.64764308929443,67.3141021728516,NA,NA,NA,NA,33.6586380004883
"461",12,"Switzerland",1980,13853,4.02202606201172,72.8321151733398,54.2999992370605,0.335240006446838,0.337440013885498,30.9639987945557,32.8699989318848
"462",12,"Switzerland",1981,15338,6.49021911621094,72.3698654174805,NA,NA,NA,NA,32.689998626709
"463",12,"Switzerland",1982,15963,5.65521192550659,67.8742599487305,NA,NA,NA,NA,32.2000007629395
"464",12,"Switzerland",1983,16611,2.96768689155579,68.3494338989258,NA,NA,NA,NA,31.8999996185303
"465",12,"Switzerland",1984,17710,2.91120791435242,72.1682205200195,NA,NA,NA,NA,31.9200000762939
"466",12,"Switzerland",1985,18812,3.42998600006104,74.6524124145508,53.5999984741211,NA,NA,NA,32.0099983215332
"467",12,"Switzerland",1986,19458,0.740740716457367,70.6219940185547,NA,NA,NA,NA,31.8899993896484
"468",12,"Switzerland",1987,20120,1.44796395301819,69.5821914672852,NA,NA,NA,NA,31.4599990844727
"469",12,"Switzerland",1988,21334,1.88447797298431,71.420036315918,NA,NA,NA,NA,31.6100006103516
"470",12,"Switzerland",1989,22965,3.16296410560608,75.5448913574219,NA,NA,NA,NA,31.6900005340576
"471",12,"Switzerland",1990,24518,5.37873983383179,72.0016098022461,53.7999992370605,NA,NA,NA,31.3400001525879
"472",12,"Switzerland",1991,24840,5.87939214706421,68.5863800048828,NA,NA,NA,NA,30.7900009155273
"473",12,"Switzerland",1992,25141,4.04107618331909,67.8686065673828,NA,NA,NA,NA,29.9899997711182
"474",12,"Switzerland",1993,25427,3.2717969417572,66.7102127075195,NA,NA,NA,NA,29.5799999237061
"475",12,"Switzerland",1994,26031,0.858407080173492,66.5856323242188,NA,NA,NA,NA,30.4099998474121
"476",12,"Switzerland",1995,26485,1.79871904850006,66.1572570800781,54.7999992370605,NA,NA,NA,29.8299999237061
"477",12,"Switzerland",1996,26394,0.818824410438538,67.9402770996094,NA,NA,NA,NA,28.8099994659424
"478",12,"Switzerland",1997,27850,0.521501183509827,75.3406524658203,NA,NA,NA,NA,28.1900005340576
"479",12,"Switzerland",1998,28835,0.017009699717164,NA,NA,NA,NA,NA,27.4300003051758
"480",12,"Switzerland",1999,28887,0.824829876422882,NA,NA,NA,NA,NA,27.4300003051758
"481",12,"Switzerland",2000,30461,1.54339194297791,NA,55,NA,NA,NA,26.7600002288818
"482",12,"Switzerland",2001,30806,0.988372087478638,NA,NA,NA,NA,NA,27.3500003814697
"483",12,"Switzerland",2002,32751,0.641500115394592,NA,NA,NA,NA,NA,26.7800006866455
"484",12,"Switzerland",2003,33516,0.629239201545715,NA,NA,NA,NA,NA,26.4500007629395
"485",14,"Japan",1960,1010,NA,20.9543437957764,30.8999996185303,NA,NA,NA,NA
"486",14,"Japan",1961,1143,5.40472602844238,20.1230869293213,NA,NA,NA,NA,NA
"487",14,"Japan",1962,1262,6.77319288253784,18.6711025238037,NA,NA,NA,NA,NA
"488",14,"Japan",1963,1374,7.66137981414795,18.8619899749756,NA,NA,NA,NA,NA
"489",14,"Japan",1964,1546,3.83817410469055,19.1327304840088,NA,NA,NA,NA,NA
"490",14,"Japan",1965,1647,6.59340715408325,19.6008033752441,36.7000007629395,NA,NA,NA,NA
"491",14,"Japan",1966,1889,5.07966279983521,19.557243347168,NA,NA,NA,NA,NA
"492",14,"Japan",1967,2133,3.97788095474243,19.0520896911621,NA,NA,NA,NA,NA
"493",14,"Japan",1968,2496,5.36970281600952,19.0746746063232,NA,NA,NA,NA,NA
"494",14,"Japan",1969,2917,5.24259185791016,19.4847984313965,NA,NA,NA,NA,NA
"495",14,"Japan",1970,3293,7.67326688766479,20.3304920196533,33,NA,NA,NA,NA
"496",14,"Japan",1971,3575,6.41697216033936,20.7020473480225,NA,NA,NA,NA,45.1707191467285
"497",14,"Japan",1972,3988,4.82402181625366,18.8586101531982,NA,NA,NA,NA,44.578239440918
"498",14,"Japan",1973,4491,11.6459302902222,20.0469169616699,NA,NA,NA,NA,45.3577308654785
"499",14,"Japan",1974,4778,23.1545696258545,27.9450531005859,NA,NA,NA,NA,43.6329002380371
"500",14,"Japan",1975,5300,11.782790184021,25.5524272918701,38.0999984741211,NA,NA,NA,41.4054794311523
"501",14,"Japan",1976,5768,9.34922122955322,26.3120956420898,NA,NA,NA,NA,41.4841003417969
"502",14,"Japan",1977,6344,8.15870380401611,24.5525188446045,NA,NA,NA,NA,40.436939239502
"503",14,"Japan",1978,7084,4.21079778671265,20.4997844696045,NA,NA,NA,NA,40.6921615600586
"504",14,"Japan",1979,8027,3.73078799247742,24.0382385253906,NA,NA,NA,NA,40.600471496582
"505",14,"Japan",1980,8931,7.7787070274353,28.2803859710693,39.9000015258789,0.31988000869751,0.419580012559891,34.9860000610352,41.0001487731934
"506",14,"Japan",1981,9986,4.91130781173706,28.6490306854248,NA,NA,NA,NA,40.9164199829102
"507",14,"Japan",1982,10813,2.73697590827942,28.3561344146729,NA,NA,NA,NA,40.3206214904785
"508",14,"Japan",1983,11346,1.88232898712158,26.0969886779785,NA,NA,NA,NA,39.4726600646973
"509",14,"Japan",1984,12064,2.27157998085022,27.261157989502,NA,NA,NA,NA,39.8345108032227
"510",14,"Japan",1985,12978,2.0236918926239,25.5411834716797,41.9000015258789,NA,NA,NA,39.594409942627
"511",14,"Japan",1986,13590,0.619254887104034,18.7448711395264,NA,NA,NA,NA,39.0124588012695
"512",14,"Japan",1987,14425,0.125011995434761,17.5562019348145,NA,NA,NA,NA,38.9423599243164
"513",14,"Japan",1988,15862,0.672301173210144,17.794942855835,NA,NA,NA,NA,39.1117706298828
"514",14,"Japan",1989,17269,2.2800989151001,19.7800598144531,NA,NA,NA,NA,39.0440101623535
"515",14,"Japan",1990,18815,3.05941605567932,20.647310256958,44.5,NA,NA,NA,39.3625297546387
"516",14,"Japan",1991,20055,3.24011206626892,18.7308292388916,NA,NA,NA,NA,39.0235481262207
"517",14,"Japan",1992,20648,1.72701001167297,17.8826808929443,NA,NA,NA,NA,37.8588409423828
"518",14,"Japan",1993,21122,1.28403997421265,16.3112106323242,NA,NA,NA,NA,36.3800582885742
"519",14,"Japan",1994,21757,0.706202685832977,16.4412403106689,NA,NA,NA,NA,34.9277305603027
"520",14,"Japan",1995,22551,-0.126732006669044,17.3140201568604,46.7999992370605,NA,NA,NA,34.2171897888184
"521",14,"Japan",1996,23714,0.135352298617363,19.3323497772217,NA,NA,NA,NA,33.9178504943848
"522",14,"Japan",1997,24478,1.73185801506042,20.9999008178711,NA,NA,NA,NA,33.7139511108398
"523",14,"Japan",1998,24429,0.656037211418152,21.1449871063232,NA,NA,NA,NA,32.7045516967773
"524",14,"Japan",1999,24709,-0.338255912065506,NA,NA,NA,NA,NA,32.4295501708984
"525",14,"Japan",2000,26015,-0.670529782772064,NA,47.9000015258789,NA,NA,NA,32.2311592102051
"526",14,"Japan",2001,26619,-0.733394384384155,NA,NA,NA,NA,NA,30.9619197845459
"527",14,"Japan",2002,27196,-0.915120482444763,NA,NA,NA,NA,NA,30.3985195159912
"528",14,"Japan",2003,28071,-0.25419420003891,NA,NA,NA,NA,NA,NA
"529",16,"Greece",1960,707,NA,21.3125305175781,7.90000009536743,NA,NA,NA,NA
"530",16,"Greece",1961,1028,1.9342360496521,21.1723194122314,NA,NA,NA,NA,NA
"531",16,"Greece",1962,1049,-0.379506587982178,21.9260234832764,NA,NA,NA,NA,NA
"532",16,"Greece",1963,1188,2.85714292526245,23.0880870819092,NA,NA,NA,NA,NA
"533",16,"Greece",1964,1316,0.92592591047287,23.2946681976318,NA,NA,NA,NA,NA
"534",16,"Greece",1965,1492,3.11926603317261,24.2456398010254,9.80000019073486,NA,NA,NA,NA
"535",16,"Greece",1966,1634,4.98220586776733,24.7165603637695,NA,NA,NA,NA,NA
"536",16,"Greece",1967,1754,1.69491505622864,23.642068862915,NA,NA,NA,NA,NA
"537",16,"Greece",1968,1967,0.333333313465118,23.1032028198242,NA,NA,NA,NA,NA
"538",16,"Greece",1969,2298,2.49169397354126,23.4652824401855,NA,NA,NA,NA,NA
"539",16,"Greece",1970,2631,2.91734194755554,23.46262550354,10.6000003814697,NA,NA,NA,NA
"540",16,"Greece",1971,2988,2.99212598800659,23.7287559509277,NA,NA,NA,NA,36.1180801391602
"541",16,"Greece",1972,3383,4.28134489059448,26.1850280761719,NA,NA,NA,NA,36.3235702514648
"542",16,"Greece",1973,3844,15.542519569397,32.5339469909668,NA,NA,NA,NA,36.5349388122559
"543",16,"Greece",1974,3907,26.9035491943359,34.3408088684082,NA,NA,NA,NA,34.1111488342285
"544",16,"Greece",1975,4505,13.3666696548462,35.980827331543,12.8999996185303,NA,NA,NA,33.0677299499512
"545",16,"Greece",1976,5024,13.3122596740723,35.6682548522949,NA,NA,NA,NA,33.0441703796387
"546",16,"Greece",1977,5417,12.1699600219727,34.5882949829102,NA,NA,NA,NA,33.7307281494141
"547",16,"Greece",1978,6138,12.5325298309326,34.6520004272461,NA,NA,NA,NA,32.8633689880371
"548",16,"Greece",1979,6781,19.0461502075195,35.0824279785156,NA,NA,NA,NA,34.1089782714844
"549",16,"Greece",1980,7374,24.8748092651367,38.5904426574707,19.7000007629395,0.265659987926483,0.342579990625381,24.0020008087158,32.9426002502441
"550",16,"Greece",1981,7870,24.4589595794678,39.1153526306152,NA,NA,NA,NA,32.5716781616211
"551",16,"Greece",1982,8204,20.9189796447754,38.697322845459,NA,NA,NA,NA,30.6606407165527
"552",16,"Greece",1983,8388,20.2416706085205,40.9749755859375,NA,NA,NA,NA,31.3106002807617
"553",16,"Greece",1984,8834,18.4489593505859,42.3308067321777,NA,NA,NA,NA,30.4617290496826
"554",16,"Greece",1985,9297,19.3025608062744,44.3637924194336,23.7000007629395,NA,NA,NA,30.4569396972656
"555",16,"Greece",1986,9525,23.021089553833,43.6802101135254,NA,NA,NA,NA,31.0904197692871
"556",16,"Greece",1987,9548,16.3849506378174,46.1113128662109,NA,NA,NA,NA,29.9609909057617
"557",16,"Greece",1988,10277,13.5267496109009,44.2468452453613,NA,NA,NA,NA,29.3748092651367
"558",16,"Greece",1989,11036,13.6999998092651,45.6703567504883,NA,NA,NA,NA,28.5359001159668
"559",16,"Greece",1990,11405,20.4045696258545,44.8811912536621,28.7000007629395,NA,NA,NA,28.1967391967773
"560",16,"Greece",1991,11971,19.4728507995605,43.1499900817871,NA,NA,NA,NA,26.5280208587646
"561",16,"Greece",1992,12198,15.8659000396729,43.4493598937988,NA,NA,NA,NA,25.6612300872803
"562",16,"Greece",1993,12166,14.4144897460938,41.3099594116211,NA,NA,NA,NA,25.5077800750732
"563",16,"Greece",1994,12566,10.9227895736694,40.2825698852539,NA,NA,NA,NA,24.3635101318359
"564",16,"Greece",1995,12991,8.93705654144287,40.8180809020996,31.7999992370605,NA,NA,NA,23.08669090271
"565",16,"Greece",1996,13418,8.1962194442749,40.4013404846191,NA,NA,NA,NA,23.0256900787354
"566",16,"Greece",1997,14127,5.53897285461426,39.6848411560059,NA,NA,NA,NA,21.59255027771
"567",16,"Greece",1998,14665,4.76622581481934,NA,NA,NA,NA,NA,22.3433208465576
"568",16,"Greece",1999,15213,2.63678288459778,NA,NA,NA,NA,NA,22.2958393096924
"569",16,"Greece",2000,16272,3.15012502670288,NA,33.7999992370605,NA,NA,NA,22.828010559082
"570",16,"Greece",2001,17332,3.37499594688416,NA,NA,NA,NA,NA,23.4864501953125
"571",16,"Greece",2002,19119,3.62922811508179,NA,NA,NA,NA,NA,23.2104301452637
"572",16,"Greece",2003,20479,3.53055691719055,NA,NA,NA,NA,NA,23.8300094604492
"573",18,"Portugal",1960,728,NA,37.3539390563965,3.5,NA,NA,NA,NA
"574",18,"Portugal",1961,783,1.54900205135345,39.9828948974609,NA,NA,NA,NA,NA
"575",18,"Portugal",1962,848,2.66207098960876,38.3217887878418,NA,NA,NA,NA,NA
"576",18,"Portugal",1963,905,2.02157306671143,39.3773651123047,NA,NA,NA,NA,NA
"577",18,"Portugal",1964,979,3.40000009536743,50.4197845458984,NA,NA,NA,NA,NA
"578",18,"Portugal",1965,1084,3.48162508010864,52.9027366638184,3.90000009536743,NA,NA,NA,NA
"579",18,"Portugal",1966,1170,5.04672908782959,52.8059158325195,NA,NA,NA,NA,NA
"580",18,"Portugal",1967,1293,5.51601409912109,51.5495986938477,NA,NA,NA,NA,NA
"581",18,"Portugal",1968,1475,6.0708270072937,49.7948379516602,NA,NA,NA,NA,NA
"582",18,"Portugal",1969,1592,7.40251207351685,48.1764144897461,NA,NA,NA,NA,NA
"583",18,"Portugal",1970,1916,4.53333282470703,50.2115821838379,6.80000019073486,NA,NA,NA,NA
"584",18,"Portugal",1971,2153,7.49607515335083,51.9070472717285,NA,NA,NA,NA,35.1377601623535
"585",18,"Portugal",1972,2420,8.94486999511719,53.7332572937012,NA,NA,NA,NA,35.9455909729004
"586",18,"Portugal",1973,2845,10.3552303314209,54.8876075744629,NA,NA,NA,NA,35.9634590148926
"587",18,"Portugal",1974,3048,27.9684200286865,62.6334266662598,NA,NA,NA,NA,37.5444793701172
"588",18,"Portugal",1975,3045,20.4081592559814,48.22216796875,9.60000038146973,NA,NA,NA,35.211498260498
"589",18,"Portugal",1976,3407,18.2499008178711,43.7753372192383,NA,NA,NA,NA,34.7253799438477
"590",18,"Portugal",1977,3784,27.1916694641113,47.0373153686523,NA,NA,NA,NA,34.7241706848145
"591",18,"Portugal",1978,4120,22.6429901123047,47.753604888916,NA,NA,NA,NA,33.1532096862793
"592",18,"Portugal",1979,4663,23.5375804901123,58.9299583435059,NA,NA,NA,NA,31.9478092193604
"593",18,"Portugal",1980,5263,16.6918907165527,62.9790802001953,10.6000003814697,0.240820005536079,0.297980010509491,26.488000869751,32.8777694702148
"594",18,"Portugal",1981,5812,20.0407600402832,64.5105667114258,NA,NA,NA,NA,33.9398498535156
"595",18,"Portugal",1982,6263,22.7302207946777,64.7309417724609,NA,NA,NA,NA,33.6452217102051
"596",18,"Portugal",1983,6479,25.105640411377,68.4471817016602,NA,NA,NA,NA,34.4960784912109
"597",18,"Portugal",1984,6570,28.7833309173584,74.8538436889648,NA,NA,NA,NA,32.8418083190918
"598",18,"Portugal",1985,6959,19.6453990936279,71.5099945068359,13.6999998092651,NA,NA,NA,32.8225784301758
"599",18,"Portugal",1986,7414,11.7631101608276,62.8007354736328,NA,NA,NA,NA,30.6445407867432
"600",18,"Portugal",1987,8126,9.34314823150635,69.239013671875,NA,NA,NA,NA,30.3726291656494
"601",18,"Portugal",1988,9057,9.69704818725586,73.4291763305664,NA,NA,NA,NA,32.4745101928711
"602",18,"Portugal",1989,10042,12.6165504455566,75.0415649414062,NA,NA,NA,NA,32.3443908691406
"603",18,"Portugal",1990,10894,13.3724603652954,75.1777496337891,14.8000001907349,NA,NA,NA,31.7134799957275
"604",18,"Portugal",1991,11783,10.926230430603,69.9081802368164,NA,NA,NA,NA,30.2844390869141
"605",18,"Portugal",1992,12219,8.94166660308838,65.1422500610352,NA,NA,NA,NA,30.2791996002197
"606",18,"Portugal",1993,12236,6.50195121765137,62.4486885070801,NA,NA,NA,NA,29.6025695800781
"607",18,"Portugal",1994,12614,5.21439409255981,65.6057205200195,NA,NA,NA,NA,30.643669128418
"608",18,"Portugal",1995,13413,4.12314796447754,68.5744476318359,14.6999998092651,NA,NA,NA,31.4980792999268
"609",18,"Portugal",1996,13974,3.12069702148438,69.2218170166016,NA,NA,NA,NA,31.7415409088135
"610",18,"Portugal",1997,14804,2.16161203384399,71.5498886108398,NA,NA,NA,NA,31.6394901275635
"611",18,"Portugal",1998,15401,2.71643996238708,NA,NA,NA,NA,NA,31.1362895965576
"612",18,"Portugal",1999,16363,2.30388593673706,NA,NA,NA,NA,NA,30.4158496856689
"613",18,"Portugal",2000,17353,2.84672093391418,NA,14.8999996185303,NA,NA,NA,29.9934196472168
"614",18,"Portugal",2001,18071,4.39475679397583,NA,NA,NA,NA,NA,29.3924503326416
"615",18,"Portugal",2002,18799,3.54505205154419,NA,NA,NA,NA,NA,28.6881809234619
"616",18,"Portugal",2003,17603,3.28333306312561,NA,NA,NA,NA,NA,NA
"617",19,"Spain",1960,1074,NA,16.2498188018799,3.90000009536743,NA,NA,NA,NA
"618",19,"Spain",1961,1201,2.00591897964478,17.638801574707,NA,NA,NA,NA,NA
"619",19,"Spain",1962,1335,5.63475894927979,19.606128692627,NA,NA,NA,NA,NA
"620",19,"Spain",1963,1467,8.80462741851807,19.6797199249268,NA,NA,NA,NA,NA
"621",19,"Spain",1964,1554,6.95018720626831,21.4923915863037,NA,NA,NA,NA,NA
"622",19,"Spain",1965,1678,13.2363796234131,22.7087936401367,4.59999990463257,NA,NA,NA,NA
"623",19,"Spain",1966,1841,6.19411516189575,23.890323638916,NA,NA,NA,NA,NA
"624",19,"Spain",1967,1954,6.41457509994507,21.746919631958,NA,NA,NA,NA,NA
"625",19,"Spain",1968,2160,4.9633150100708,24.6574020385742,NA,NA,NA,NA,NA
"626",19,"Spain",1969,2447,2.12445211410522,26.0330924987793,NA,NA,NA,NA,NA
"627",19,"Spain",1970,2715,5.75761699676514,27.450756072998,5.80000019073486,NA,NA,NA,NA
"628",19,"Spain",1971,2951,8.23604106903076,27.574125289917,NA,NA,NA,NA,40.6672210693359
"629",19,"Spain",1972,3293,8.28936576843262,28.9265918731689,NA,NA,NA,NA,41.6932907104492
"630",19,"Spain",1973,3710,11.3902101516724,29.8868942260742,NA,NA,NA,NA,42.2326698303223
"631",19,"Spain",1974,4227,15.7173404693604,33.6029739379883,NA,NA,NA,NA,43.1722984313965
"632",19,"Spain",1975,4600,16.9256591796875,30.8514022827148,8.19999980926514,NA,NA,NA,42.0832214355469
"633",19,"Spain",1976,4965,17.6293106079102,31.890625,NA,NA,NA,NA,41.3842506408691
"634",19,"Spain",1977,5364,24.5266895294189,30.9793949127197,NA,NA,NA,NA,40.5218086242676
"635",19,"Spain",1978,5761,19.7842102050781,29.5208683013916,NA,NA,NA,NA,39.4325714111328
"636",19,"Spain",1979,6188,15.6690101623535,29.6263198852539,NA,NA,NA,NA,38.9656105041504
"637",19,"Spain",1980,6856,15.5498895645142,33.5229454040527,13.3000001907349,0.251760005950928,0.313239991664886,24.568000793457,38.5675506591797
"638",19,"Spain",1981,7447,14.5570402145386,37.4252052307129,NA,NA,NA,NA,37.6730194091797
"639",19,"Spain",1982,7957,14.4079599380493,38.388614654541,NA,NA,NA,NA,37.0618095397949
"640",19,"Spain",1983,8378,12.1774501800537,41.8935356140137,NA,NA,NA,NA,36.7944984436035
"641",19,"Spain",1984,8812,11.2743301391602,43.4470100402832,NA,NA,NA,NA,35.9207992553711
"642",19,"Spain",1985,9259,8.81752681732178,43.4996795654297,17.6000003814697,NA,NA,NA,36.2090682983398
"643",19,"Spain",1986,9744,8.7965030670166,37.5777626037598,NA,NA,NA,NA,36.6543006896973
"644",19,"Spain",1987,10542,5.2462592124939,38.5427780151367,NA,NA,NA,NA,36.0940704345703
"645",19,"Spain",1988,11434,4.84047889709473,38.8391571044922,NA,NA,NA,NA,35.9314002990723
"646",19,"Spain",1989,12417,6.79146814346313,39.4524536132812,NA,NA,NA,NA,36.2181587219238
"647",19,"Spain",1990,13365,6.71793985366821,37.5026893615723,25.5,NA,NA,NA,35.4766502380371
"648",19,"Spain",1991,14152,5.93532705307007,37.4070816040039,NA,NA,NA,NA,34.6885108947754
"649",19,"Spain",1992,14564,5.92572402954102,38.0396499633789,NA,NA,NA,NA,32.8619003295898
"650",19,"Spain",1993,14699,4.56863594055176,39.409481048584,NA,NA,NA,NA,31.1682090759277
"651",19,"Spain",1994,15325,4.7184681892395,44.3964385986328,NA,NA,NA,NA,30.5505504608154
"652",19,"Spain",1995,16032,4.67475318908691,47.8529014587402,28.6000003814697,NA,NA,NA,30.98291015625
"653",19,"Spain",1996,16720,3.55850601196289,50.073299407959,NA,NA,NA,NA,30.4586696624756
"654",19,"Spain",1997,17420,1.97070801258087,55.558650970459,NA,NA,NA,NA,30.4414005279541
"655",19,"Spain",1998,18479,1.83353698253632,57.125301361084,NA,NA,NA,NA,30.1966705322266
"656",19,"Spain",1999,19817,2.31067204475403,NA,NA,NA,NA,NA,29.989200592041
"657",19,"Spain",2000,21074,3.43261408805847,NA,30.7000007629395,NA,NA,NA,30.1937007904053
"658",19,"Spain",2001,22257,3.5911009311676,NA,NA,NA,NA,NA,29.928840637207
"659",19,"Spain",2002,23756,3.0667769908905,NA,NA,NA,NA,NA,29.6847591400146
"660",19,"Spain",2003,24812,3.03347396850586,NA,NA,NA,NA,NA,29.586519241333
"661",20,"Australia",1960,2373,NA,31.2664394378662,50.4000015258789,NA,NA,NA,NA
"662",20,"Australia",1961,2346,2.51213192939758,29.8210735321045,NA,NA,NA,NA,NA
"663",20,"Australia",1962,2539,-0.278474003076553,30.1585445404053,NA,NA,NA,NA,NA
"664",20,"Australia",1963,2717,0.530578076839447,32.0553970336914,NA,NA,NA,NA,NA
"665",20,"Australia",1964,2873,2.36111092567444,31.5272846221924,NA,NA,NA,NA,NA
"666",20,"Australia",1965,2973,3.96200799942017,31.0355987548828,48.9000015258789,NA,NA,NA,NA
"667",20,"Australia",1966,3230,2.9757239818573,29.9731521606445,NA,NA,NA,NA,NA
"668",20,"Australia",1967,3404,3.1939160823822,30.1141929626465,NA,NA,NA,NA,NA
"669",20,"Australia",1968,3788,2.65291094779968,28.3485946655273,NA,NA,NA,NA,NA
"670",20,"Australia",1969,4162,2.91935896873474,29.8211421966553,NA,NA,NA,NA,NA
"671",20,"Australia",1970,4490,3.90606808662415,28.9624328613281,48.2999992370605,NA,NA,NA,NA
"672",20,"Australia",1971,4677,6.06399583816528,27.8074722290039,NA,NA,NA,NA,37.2935905456543
"673",20,"Australia",1972,5013,5.8649787902832,27.7029895782471,NA,NA,NA,NA,36.8008804321289
"674",20,"Australia",1973,5595,9.46592235565186,29.4404029846191,NA,NA,NA,NA,35.435848236084
"675",20,"Australia",1974,6024,15.1101398468018,31.6386108398438,NA,NA,NA,NA,36.8867607116699
"676",20,"Australia",1975,6683,15.0719604492188,28.9004058837891,47,NA,NA,NA,37.104549407959
"677",20,"Australia",1976,7140,13.5239095687866,31.2076168060303,NA,NA,NA,NA,36.6652908325195
"678",20,"Australia",1977,7482,12.3002395629883,30.8630962371826,NA,NA,NA,NA,35.9993591308594
"679",20,"Australia",1978,8272,7.9236741065979,32.1513214111328,NA,NA,NA,NA,35.6528205871582
"680",20,"Australia",1979,9174,9.09000110626221,34.958309173584,NA,NA,NA,NA,35.8105697631836
"681",20,"Australia",1980,10203,10.1265802383423,33.8612518310547,47.5,0.317299991846085,0.317979991436005,29.6959991455078,37.0266990661621
"682",20,"Australia",1981,11513,9.69174480438232,33.1737251281738,NA,NA,NA,NA,35.9243392944336
"683",20,"Australia",1982,11537,11.1455097198486,31.6577377319336,NA,NA,NA,NA,34.7436714172363
"684",20,"Australia",1983,12300,10.1135597229004,30.6781387329102,NA,NA,NA,NA,34.8256988525391
"685",20,"Australia",1984,13120,3.9501850605011,34.640998840332,NA,NA,NA,NA,35.2996597290039
"686",20,"Australia",1985,14019,6.73904895782471,35.2462463378906,48.4000015258789,NA,NA,NA,35.0728797912598
"687",20,"Australia",1986,14537,9.08453178405762,34.7444000244141,NA,NA,NA,NA,32.7778587341309
"688",20,"Australia",1987,15554,8.48874568939209,34.7234382629395,NA,NA,NA,NA,31.3588104248047
"689",20,"Australia",1988,16524,7.23177194595337,34.0836944580078,NA,NA,NA,NA,29.8751792907715
"690",20,"Australia",1989,17255,7.55942487716675,34.3585357666016,NA,NA,NA,NA,29.9609107971191
"691",20,"Australia",1990,17322,7.2722601890564,34.4617691040039,48.4000015258789,NA,NA,NA,28.9668006896973
"692",20,"Australia",1991,17652,3.22268009185791,35.2376403808594,NA,NA,NA,NA,28.1679992675781
"693",20,"Australia",1992,18496,0.98591548204422,37.692569732666,NA,NA,NA,NA,27.9716606140137
"694",20,"Australia",1993,19432,1.81310999393463,38.3517913818359,NA,NA,NA,NA,28.0091800689697
"695",20,"Australia",1994,20583,1.89497697353363,39.7184295654297,NA,NA,NA,NA,28.1399192810059
"696",20,"Australia",1995,21773,4.63813591003418,40.1532592773438,48.5999984741211,NA,NA,NA,27.8276500701904
"697",20,"Australia",1996,22562,2.61242008209229,39.9773788452148,NA,NA,NA,NA,27.1023197174072
"698",20,"Australia",1997,23649,0.250417411327362,42.1767997741699,NA,NA,NA,NA,27.0766906738281
"699",20,"Australia",1998,24853,0.853455424308777,41.3649597167969,NA,NA,NA,NA,26.283130645752
"700",20,"Australia",1999,26283,1.46542799472809,NA,NA,NA,NA,NA,26.1907291412354
"701",20,"Australia",2000,27403,4.47518301010132,NA,43.5999984741211,NA,NA,NA,25.5666809082031
"702",20,"Australia",2001,28492,4.38084077835083,NA,NA,NA,NA,NA,25.4391002655029
"703",20,"Australia",2002,29819,3.00317096710205,NA,NA,NA,NA,NA,25.949520111084
"704",20,"Australia",2003,31273,2.77073502540588,NA,NA,NA,NA,NA,NA
"705",21,"New Zealand",1960,2545,NA,52.5488243103027,58,NA,NA,NA,NA
"706",21,"New Zealand",1961,2659,1.83028304576874,52.9445686340332,NA,NA,NA,NA,NA
"707",21,"New Zealand",1962,2713,2.69607901573181,48.8036842346191,NA,NA,NA,NA,NA
"708",21,"New Zealand",1963,2866,1.90930795669556,53.8449592590332,NA,NA,NA,NA,NA
"709",21,"New Zealand",1964,3001,3.43481707572937,50.796028137207,NA,NA,NA,NA,NA
"710",21,"New Zealand",1965,3224,3.39622592926025,44.7816429138184,54.2999992370605,NA,NA,NA,NA
"711",21,"New Zealand",1966,3481,2.77372288703918,45.9671669006348,NA,NA,NA,NA,NA
"712",21,"New Zealand",1967,3360,6.10795497894287,39.7797660827637,NA,NA,NA,NA,NA
"713",21,"New Zealand",1968,3489,4.2838020324707,44.6637725830078,NA,NA,NA,NA,NA
"714",21,"New Zealand",1969,3969,4.87804889678955,46.9085235595703,NA,NA,NA,NA,NA
"715",21,"New Zealand",1970,4136,6.54834699630737,48.3240242004395,54.5,NA,NA,NA,NA
"716",21,"New Zealand",1971,4438,10.3030300140381,45.4815254211426,NA,NA,NA,NA,34.0293998718262
"717",21,"New Zealand",1972,4780,6.77655696868896,47.4312400817871,NA,NA,NA,NA,33.2089385986328
"718",21,"New Zealand",1973,5335,8.2332763671875,49.5734062194824,NA,NA,NA,NA,32.4518013000488
"719",21,"New Zealand",1974,6041,11.2519798278809,55.4585151672363,NA,NA,NA,NA,35.5166015625
"720",21,"New Zealand",1975,6382,14.5299100875854,54.8892478942871,57.0999984741211,NA,NA,NA,34.5290412902832
"721",21,"New Zealand",1976,6748,16.7910404205322,57.8892822265625,NA,NA,NA,NA,34.7120208740234
"722",21,"New Zealand",1977,6867,14.5899896621704,56.7964744567871,NA,NA,NA,NA,32.9546585083008
"723",21,"New Zealand",1978,7301,11.8959102630615,55.0418663024902,NA,NA,NA,NA,32.5010795593262
"724",21,"New Zealand",1979,7915,13.7043199539185,61.8975448608398,NA,NA,NA,NA,32.6574897766113
"725",21,"New Zealand",1980,8656,17.0927696228027,62.0868110656738,46.0999984741211,0.26664000749588,0.295159995555878,25.5219993591309,32.1857604980469
"726",21,"New Zealand",1981,9736,15.3462295532227,62.4466667175293,NA,NA,NA,NA,34.0144500732422
"727",21,"New Zealand",1982,10687,16.1709003448486,62.3515548706055,NA,NA,NA,NA,34.5559310913086
"728",21,"New Zealand",1983,11262,7.35567998886108,61.9133720397949,NA,NA,NA,NA,33.4037094116211
"729",21,"New Zealand",1984,12141,6.20121383666992,70.5738830566406,NA,NA,NA,NA,34.5864295959473
"730",21,"New Zealand",1985,12556,15.3940401077271,64.6128692626953,46.5999984741211,NA,NA,NA,33.268138885498
"731",21,"New Zealand",1986,13085,13.2178201675415,55.4810409545898,NA,NA,NA,NA,31.9199504852295
"732",21,"New Zealand",1987,13402,15.7411499023438,52.3977928161621,NA,NA,NA,NA,30.2294101715088
"733",21,"New Zealand",1988,13569,6.37514209747314,50.6252555847168,NA,NA,NA,NA,28.5874290466309
"734",21,"New Zealand",1989,14124,7.49060297012329,53.8193054199219,NA,NA,NA,NA,29.190990447998
"735",21,"New Zealand",1990,14420,5.50660800933838,54.5350112915039,24.1000003814697,NA,NA,NA,27.9219207763672
"736",21,"New Zealand",1991,14252,1.67014598846436,56.4281311035156,NA,NA,NA,NA,27.3391990661621
"737",21,"New Zealand",1992,14679,1.02669405937195,61.1405410766602,NA,NA,NA,NA,27.1183795928955
"738",21,"New Zealand",1993,15605,1.42276394367218,59.2633399963379,NA,NA,NA,NA,27.0692100524902
"739",21,"New Zealand",1994,16686,2.40480995178223,60.4364700317383,NA,NA,NA,NA,27.7684803009033
"740",21,"New Zealand",1995,17402,3.73983693122864,58.5961112976074,26.6000003814697,NA,NA,NA,26.9903202056885
"741",21,"New Zealand",1996,17879,2.29885101318359,57.0310707092285,NA,NA,NA,NA,26.7421607971191
"742",21,"New Zealand",1997,18510,1.17466795444489,57.1320991516113,NA,NA,NA,NA,26.5067901611328
"743",21,"New Zealand",1998,18669,1.28722894191742,NA,NA,NA,NA,NA,25.2765693664551
"744",21,"New Zealand",1999,19937,-0.12459509819746,NA,NA,NA,NA,NA,25.5129795074463
"745",21,"New Zealand",2000,20789,2.61976099014282,NA,26.2999992370605,NA,NA,NA,25.2916793823242
"746",21,"New Zealand",2001,21825,2.62582111358643,NA,NA,NA,NA,NA,NA
"747",21,"New Zealand",2002,22662,2.677090883255,NA,NA,NA,NA,NA,NA
"748",21,"New Zealand",2003,23728,1.75357604026794,NA,NA,NA,NA,NA,NA
